{"v":"5.12.1","fr":30,"ip":0,"op":61,"w":500,"h":500,"nm":"3","assets":[{"id":"comp_0","nm":"pre-rate","fr":30,"layers":[{"ind":1,"ty":4,"nm":"Shape Layer 1","sr":1,"ks":{"o":{"a":0,"k":100},"r":{"a":0,"k":0},"p":{"a":0,"k":[100,100,0],"l":2},"a":{"a":0,"k":[0,0,0],"l":2},"s":{"a":0,"k":[80,80,100],"l":2}},"ao":0,"shapes":[{"ty":"sr","sy":1,"d":1,"pt":{"a":0,"k":5},"p":{"a":0,"k":[0,0]},"r":{"a":0,"k":0},"ir":{"a":0,"k":55},"is":{"a":0,"k":0},"or":{"a":0,"k":100},"os":{"a":0,"k":35},"nm":"Polystar Path 1"},{"ty":"fl","c":{"a":0,"k":[0.965,0.725,0.212,1]},"o":{"a":0,"k":100},"r":1,"nm":"Fill 1"}],"ip":0,"op":300,"st":0,"ct":1}]}],"layers":[{"ind":1,"ty":0,"nm":"pre-rate","refId":"comp_0","sr":1,"ks":{"o":{"a":0,"k":100},"r":{"a":1,"k":[{"i":{"x":[0.667],"y":[1]},"o":{"x":[0.333],"y":[0]},"t":0,"s":[0]},{"i":{"x":[0.667],"y":[1]},"o":{"x":[0.333],"y":[0]},"t":5,"s":[5]},{"i":{"x":[0.667],"y":[1]},"o":{"x":[0.333],"y":[0]},"t":10,"s":[-2]},{"t":15,"s":[0]}]},"p":{"s":true,"x":{"a":0,"k":250},"y":{"a":1,"k":[{"i":{"x":[0.667],"y":[1]},"o":{"x":[0.75],"y":[0]},"t":0,"s":[350]},{"i":{"x":[0.667],"y":[1]},"o":{"x":[0.333],"y":[0]},"t":5,"s":[335]},{"t":10,"s":[350]}]}},"a":{"a":0,"k":[100,200,0],"l":2},"s":{"a":1,"k":[{"i":{"x":[0.667,0.667,0.667],"y":[1,1,1]},"o":{"x":[0.75,0.75,0.75],"y":[0,0,0]},"t":0,"s":[100,100,100]},{"i":{"x":[0.667,0.667,0.667],"y":[1,1,1]},"o":{"x":[0.333,0.333,0.333],"y":[0,0,0]},"t":5,"s":[120,130,100]},{"i":{"x":[0.25,0.25,0.25],"y":[1,1,1]},"o":{"x":[0.333,0.333,0.333],"y":[0,0,0]},"t":10,"s":[85,75,100]},{"i":{"x":[0.25,0.25,0.25],"y":[1,1,1]},"o":{"x":[0.167,0.167,0.167],"y":[0,0,0]},"t":15,"s":[95,110,100]},{"t":21,"s":[100,100,100]}],"l":2}},"ao":0,"w":200,"h":200,"ip":0,"op":300,"st":0},{"ind":2,"ty":0,"nm":"pre-rate","parent":1,"refId":"comp_0","sr":1,"ks":{"o":{"a":1,"k":[{"i":{"x":[0.25],"y":[1]},"o":{"x":[0.167],"y":[0.167]},"t":10,"s":[100]},{"t":25,"s":[0]}]},"r":{"a":0,"k":0},"p":{"a":0,"k":[100,100,0],"l":2},"a":{"a":0,"k":[100,100,0],"l":2},"s":{"a":1,"k":[{"i":{"x":[0.25,0.25,0.25],"y":[1,1,1]},"o":{"x":[0.167,0.167,0.167],"y":[0.167,0.167,0]},"t":10,"s":[50,50,100]},{"t":25,"s":[200,200,100]}],"l":2}},"ao":0,"w":200,"h":200,"ip":10,"op":25,"st":0},{"ind":3,"ty":0,"nm":"pre-rate","refId":"comp_0","sr":1,"ks":{"o":{"a":0,"k":100},"r":{"a":1,"k":[{"i":{"x":[0.25],"y":[1]},"o":{"x":[0.333],"y":[0]},"t":10,"s":[-23]},{"t":30,"s":[174]}]},"p":{"a":1,"k":[{"i":{"x":0,"y":1},"o":{"x":0,"y":0},"t":10,"s":[244.5,294,0],"to":[-9.5,-53.167,0],"ti":[18.5,61.167,0]},{"t":30,"s":[251.5,120.5,0]}],"l":2},"a":{"a":0,"k":[100,100,0],"l":2},"s":{"a":1,"k":[{"i":{"x":[0.667,0.667,0.667],"y":[1,1,1]},"o":{"x":[0.333,0.333,0.333],"y":[0,0,0]},"t":10,"s":[25,25,100]},{"t":32,"s":[0,0,100]}],"l":2}},"ao":0,"w":200,"h":200,"ip":10,"op":35,"st":-1},{"ind":4,"ty":0,"nm":"pre-rate","refId":"comp_0","sr":1,"ks":{"o":{"a":0,"k":100},"r":{"a":1,"k":[{"i":{"x":[0.25],"y":[1]},"o":{"x":[0.333],"y":[0]},"t":10,"s":[13]},{"t":30,"s":[-129]}]},"p":{"a":1,"k":[{"i":{"x":0,"y":1},"o":{"x":0,"y":0},"t":10,"s":[244.5,294,0],"to":[-26.5,13.833,0],"ti":[20.5,10.667,0]},{"t":30,"s":[163,298,0]}],"l":2},"a":{"a":0,"k":[100,100,0],"l":2},"s":{"a":1,"k":[{"i":{"x":[0.667,0.667,0.667],"y":[1,1,1]},"o":{"x":[0.333,0.333,0.333],"y":[0,0,0]},"t":10,"s":[25,25,100]},{"t":30,"s":[0,0,100]}],"l":2}},"ao":0,"w":200,"h":200,"ip":10,"op":35,"st":-1},{"ind":5,"ty":0,"nm":"pre-rate","refId":"comp_0","sr":1,"ks":{"o":{"a":0,"k":100},"r":{"a":1,"k":[{"i":{"x":[0.25],"y":[1]},"o":{"x":[0.333],"y":[0]},"t":10,"s":[-45]},{"t":30,"s":[148]}]},"p":{"a":1,"k":[{"i":{"x":0,"y":1},"o":{"x":0,"y":0},"t":10,"s":[257.5,286,0],"to":[29.5,24.833,0],"ti":[-30.5,-0.833,0]},{"t":30,"s":[344,317,0]}],"l":2},"a":{"a":0,"k":[100,100,0],"l":2},"s":{"a":1,"k":[{"i":{"x":[0.667,0.667,0.667],"y":[1,1,1]},"o":{"x":[0.333,0.333,0.333],"y":[0,0,0]},"t":10,"s":[25,25,100]},{"t":35,"s":[0,0,100]}],"l":2}},"ao":0,"w":200,"h":200,"ip":10,"op":35,"st":-1},{"ind":6,"ty":0,"nm":"pre-rate","refId":"comp_0","sr":1,"ks":{"o":{"a":0,"k":100},"r":{"a":1,"k":[{"i":{"x":[0.25],"y":[1]},"o":{"x":[0.333],"y":[0]},"t":10,"s":[-15]},{"t":30,"s":[183]}]},"p":{"a":1,"k":[{"i":{"x":0,"y":1},"o":{"x":0,"y":0},"t":10,"s":[248.5,269,0],"to":[18.5,67.833,0],"ti":[17.5,-40.833,0]},{"t":30,"s":[232,415,0]}],"l":2},"a":{"a":0,"k":[100,100,0],"l":2},"s":{"a":1,"k":[{"i":{"x":[0.667,0.667,0.667],"y":[1,1,1]},"o":{"x":[0.333,0.333,0.333],"y":[0,0,0]},"t":10,"s":[50,50,100]},{"t":35,"s":[0,0,100]}],"l":2}},"ao":0,"w":200,"h":200,"ip":10,"op":35,"st":-1},{"ind":7,"ty":0,"nm":"pre-rate","refId":"comp_0","sr":1,"ks":{"o":{"a":0,"k":100},"r":{"a":1,"k":[{"i":{"x":[0.25],"y":[1]},"o":{"x":[0.333],"y":[0]},"t":10,"s":[-15]},{"t":30,"s":[129]}]},"p":{"a":1,"k":[{"i":{"x":0,"y":1},"o":{"x":0,"y":0},"t":10,"s":[248.5,269,0],"to":[53.5,5.833,0],"ti":[-13.5,92.167,0]},{"t":30,"s":[390,153,0]}],"l":2},"a":{"a":0,"k":[100,100,0],"l":2},"s":{"a":1,"k":[{"i":{"x":[0.667,0.667,0.667],"y":[1,1,1]},"o":{"x":[0.333,0.333,0.333],"y":[0,0,0]},"t":10,"s":[50,50,100]},{"t":30,"s":[0,0,100]}],"l":2}},"ao":0,"w":200,"h":200,"ip":10,"op":35,"st":-1},{"ind":8,"ty":0,"nm":"pre-rate","refId":"comp_0","sr":1,"ks":{"o":{"a":0,"k":100},"r":{"a":1,"k":[{"i":{"x":[0.25],"y":[1]},"o":{"x":[0.333],"y":[0]},"t":10,"s":[0]},{"t":30,"s":[-99]}]},"p":{"a":1,"k":[{"i":{"x":0,"y":1},"o":{"x":0,"y":0},"t":10,"s":[248.5,269,0],"to":[-15.5,-26.167,0],"ti":[12.5,67.167,0]},{"t":30,"s":[138,147,0]}],"l":2},"a":{"a":0,"k":[100,100,0],"l":2},"s":{"a":1,"k":[{"i":{"x":[0.667,0.667,0.667],"y":[1,1,1]},"o":{"x":[0.333,0.333,0.333],"y":[0,0,0]},"t":10,"s":[50,50,100]},{"t":35,"s":[0,0,100]}],"l":2}},"ao":0,"w":200,"h":200,"ip":10,"op":35,"st":-1}],"markers":[{"tm":0,"cm":"","dr":0},{"tm":60,"cm":"","dr":0}]}