{"v":"5.7.7","fr":30,"ip":0,"op":210,"w":621,"h":360,"nm":"Comp 4","assets":[{"id":"image_0","w":625,"h":365,"u":"/images/","p":"image_0.webp","e":0},{"id":"image_1","w":2056,"h":1192,"u":"/images/","p":"image_1.webp","e":0}],"layers":[{"ind":1,"ty":2,"nm":"bg2.png","cl":"png","td":1,"refId":"image_0","sr":1,"ks":{"o":{"a":0,"k":100},"r":{"a":0,"k":0},"p":{"a":0,"k":[309.5,180.5,0],"l":2},"a":{"a":0,"k":[312.5,182.5,0],"l":2},"s":{"a":0,"k":[100,100,100],"l":2}},"ao":0,"ip":0,"op":300,"st":0},{"ind":2,"ty":2,"nm":"bg 2.png","cl":"png","parent":6,"tt":1,"refId":"image_1","sr":1,"ks":{"o":{"a":0,"k":100},"r":{"a":0,"k":-1},"p":{"a":0,"k":[654.699,2213.811,0],"l":2},"a":{"a":0,"k":[1028,596,0],"l":2},"s":{"a":0,"k":[100,100,100],"l":2}},"ao":0,"ip":0,"op":300,"st":0},{"ind":3,"ty":2,"nm":"bg2.png","cl":"png","td":1,"refId":"image_0","sr":1,"ks":{"o":{"a":0,"k":100},"r":{"a":0,"k":0},"p":{"a":0,"k":[309.5,180.5,0],"l":2},"a":{"a":0,"k":[312.5,182.5,0],"l":2},"s":{"a":0,"k":[100,100,100],"l":2}},"ao":0,"ip":0,"op":300,"st":0},{"ind":4,"ty":2,"nm":"bg 2.png","cl":"png","parent":6,"tt":1,"refId":"image_1","sr":1,"ks":{"o":{"a":0,"k":100},"r":{"a":0,"k":-151},"p":{"a":0,"k":[876.2,1387.158,0],"l":2},"a":{"a":0,"k":[1028,596,0],"l":2},"s":{"a":0,"k":[-100,100,100],"l":2}},"ao":0,"ip":0,"op":300,"st":0},{"ind":5,"ty":2,"nm":"bg2.png","cl":"png","td":1,"refId":"image_0","sr":1,"ks":{"o":{"a":0,"k":100},"r":{"a":0,"k":0},"p":{"a":0,"k":[309.5,180.5,0],"l":2},"a":{"a":0,"k":[312.5,182.5,0],"l":2},"s":{"a":0,"k":[100,100,100],"l":2}},"ao":0,"ip":0,"op":300,"st":0},{"ind":6,"ty":2,"nm":"bg 2.png","cl":"png","tt":1,"refId":"image_1","sr":1,"ks":{"o":{"a":0,"k":100},"r":{"a":0,"k":-15},"p":{"a":1,"k":[{"i":{"x":0.833,"y":0.833},"o":{"x":0.167,"y":0.167},"t":0,"s":[280.5,347,0],"to":[0,-242.667,0],"ti":[0,242.667,0]},{"t":210,"s":[280.5,-1109,0]}],"l":2},"a":{"a":0,"k":[1028,596,0],"l":2},"s":{"a":0,"k":[86,86,100],"l":2}},"ao":0,"ip":0,"op":300,"st":0},{"ind":7,"ty":1,"nm":"Deep Blue Solid 1","sr":1,"ks":{"o":{"a":0,"k":100},"r":{"a":0,"k":0},"p":{"a":0,"k":[310.5,180,0],"l":2},"a":{"a":0,"k":[310.5,180,0],"l":2},"s":{"a":0,"k":[100,100,100],"l":2}},"ao":0,"sw":621,"sh":360,"sc":"#00175c","ip":0,"op":300,"st":0}],"markers":[]}