{"nm":"Main Scene","ddd":0,"h":400.384,"w":400.384,"meta":{"g":"@lottiefiles/creator 1.60.0"},"layers":[{"ty":4,"nm":"boite","sr":1,"st":4,"op":180,"ip":0,"hd":false,"ddd":0,"bm":0,"hasMask":false,"ao":0,"ks":{"a":{"a":1,"k":[{"o":{"x":0.167,"y":0.167},"i":{"x":0.833,"y":0.833},"s":[280,544,0],"t":0},{"o":{"x":0.167,"y":0.167},"i":{"x":0.833,"y":0.833},"s":[280,544,0],"t":40},{"s":[520,544,0],"t":41}],"ix":1},"s":{"a":0,"k":[100,100,100],"ix":6},"sk":{"a":0,"k":0},"p":{"a":1,"k":[{"o":{"x":0.167,"y":0.167},"i":{"x":0.833,"y":0.833},"s":[71.104,334.9239999999996],"t":0},{"o":{"x":0.167,"y":0.167},"i":{"x":0.833,"y":0.833},"s":[71.104,334.9239999999996],"t":40},{"o":{"x":0.167,"y":0.167},"i":{"x":0.833,"y":0.833},"s":[311.10400000000016,334.9239999999996],"t":41},{"s":[311.10400000000016,334.9239999999996],"t":82}],"ix":2},"r":{"a":1,"k":[{"o":{"x":0.028,"y":0.246},"i":{"x":0.36,"y":1},"s":[0],"t":0},{"o":{"x":0.65,"y":0},"i":{"x":1,"y":1},"s":[-5],"t":22},{"o":{"x":0.03,"y":0},"i":{"x":0.901,"y":1},"s":[0],"t":40},{"o":{"x":0.03,"y":0.105},"i":{"x":0.491,"y":1},"s":[0],"t":41},{"o":{"x":0.764,"y":0},"i":{"x":0.985,"y":0.893},"s":[5],"t":62},{"s":[0],"t":82}],"ix":10},"sa":{"a":0,"k":0},"o":{"a":0,"k":100,"ix":11}},"shapes":[{"ty":"gr","bm":0,"hd":false,"mn":"ADBE Vector Group","nm":"Groupe 5","ix":1,"cix":2,"np":2,"it":[{"ty":"sh","bm":0,"hd":false,"mn":"ADBE Vector Shape - Group","nm":"Tracé 1","ix":1,"d":1,"ks":{"a":0,"k":{"c":true,"i":[[0,0],[0,0],[0,0],[0,0]],"o":[[0,0],[0,0],[0,0],[0,0]],"v":[[-8.39740699674104,76.14224071672425],[9.98671877555222,76.15333936962685],[9.05284640988765,-93.92083218850857],[-9.619844337874127,-94.65809984561218]]},"ix":2}},{"ty":"fl","bm":0,"hd":false,"mn":"ADBE Vector Graphic - Fill","nm":"Fond 1","c":{"a":0,"k":[1,1,1],"ix":4},"r":1,"o":{"a":0,"k":100,"ix":5}},{"ty":"tr","a":{"a":0,"k":[0,0],"ix":1},"s":{"a":0,"k":[100,100],"ix":3},"sk":{"a":0,"k":0,"ix":4},"p":{"a":0,"k":[400.9126209825288,496.0065475820215],"ix":2},"r":{"a":0,"k":0,"ix":6},"sa":{"a":0,"k":0,"ix":5},"o":{"a":0,"k":100,"ix":7}}]},{"ty":"gr","bm":0,"hd":false,"mn":"ADBE Vector Group","nm":"Groupe 3","ix":1,"cix":2,"np":2,"it":[{"ty":"sh","bm":0,"hd":false,"mn":"ADBE Vector Shape - Group","nm":"Tracé 1","ix":1,"d":1,"ks":{"a":0,"k":{"c":true,"i":[[0,0],[0,0],[0,0],[0,0]],"o":[[0,0],[0,0],[0,0],[0,0]],"v":[[-9.111898864515524,-31.723260688013667],[9.790692550515104,-31.846931391785873],[10.867261882070693,29.240054184317145],[-8.614045005740195,28.981614123870074]]},"ix":2}},{"ty":"fl","bm":0,"hd":false,"mn":"ADBE Vector Graphic - Fill","nm":"Fond 1","c":{"a":0,"k":[1,1,1],"ix":4},"r":1,"o":{"a":0,"k":100,"ix":5}},{"ty":"tr","a":{"a":0,"k":[0,0],"ix":1},"s":{"a":0,"k":[100,100],"ix":3},"sk":{"a":0,"k":0,"ix":4},"p":{"a":0,"k":[400,367.544],"ix":2},"r":{"a":0,"k":0,"ix":6},"sa":{"a":0,"k":0,"ix":5},"o":{"a":0,"k":100,"ix":7}}]},{"ty":"gr","bm":0,"hd":false,"mn":"ADBE Vector Group","nm":"Groupe 4","ix":2,"cix":2,"np":3,"it":[{"ty":"sh","bm":0,"hd":false,"mn":"ADBE Vector Shape - Group","nm":"Tracé 1","ix":1,"d":1,"ks":{"a":0,"k":{"c":true,"i":[[-4.506,0],[0,0],[0,-4.506],[0,0],[4.505,0],[0,0],[0,4.505],[0,0]],"o":[[0,0],[4.505,0],[0,0],[0,4.505],[0,0],[-4.506,0],[0,0],[0,-4.506]],"v":[[-128.342,-32.139],[128.342,-32.139],[136.5,-23.981],[136.5,23.981],[128.342,32.139],[-128.342,32.139],[-136.5,23.981],[-136.5,-23.981]]},"ix":2}},{"ty":"st","bm":0,"hd":false,"mn":"ADBE Vector Graphic - Stroke","nm":"Contour 1","lc":2,"lj":2,"ml":1,"o":{"a":0,"k":100,"ix":4},"w":{"a":0,"k":16,"ix":5},"c":{"a":0,"k":[1,1,1],"ix":3}},{"ty":"tr","a":{"a":0,"k":[0,0],"ix":1},"s":{"a":0,"k":[100,100],"ix":3},"sk":{"a":0,"k":0,"ix":4},"p":{"a":0,"k":[400,367.565],"ix":2},"r":{"a":0,"k":0,"ix":6},"sa":{"a":0,"k":0,"ix":5},"o":{"a":0,"k":100,"ix":7}}]},{"ty":"gr","bm":0,"hd":false,"mn":"ADBE Vector Group","nm":"Groupe 4","ix":1,"cix":2,"np":2,"it":[{"ty":"sh","bm":0,"hd":false,"mn":"ADBE Vector Shape - Group","nm":"Tracé 1","ix":1,"d":1,"ks":{"a":1,"k":[{"o":{"x":0.277,"y":0.222},"i":{"x":0.833,"y":0.833},"s":[{"c":true,"i":[[95.568,0],[-54.612,0]],"o":[[0,-31.928],[54.61,0]],"v":[[-58.024,43.828],[3.414,-43.828]]}],"t":-3},{"o":{"x":0.167,"y":0.167},"i":{"x":0.633,"y":0.894},"s":[{"c":true,"i":[[95.568,0],[-50.825,-6.675]],"o":[[0,-31.928],[50.823,6.675]],"v":[[-58.024,43.828],[13.086,-37.544]]}],"t":0},{"o":{"x":0.333,"y":0.096},"i":{"x":0.833,"y":0.833},"s":[{"c":true,"i":[[95.568,0],[-54.612,0]],"o":[[0,-31.928],[54.61,0]],"v":[[-58.024,43.828],[-35.741,-52.249]]}],"t":38},{"o":{"x":0.167,"y":0.167},"i":{"x":0.667,"y":1},"s":[{"c":true,"i":[[95.568,0],[-50.825,-6.675]],"o":[[0,-31.928],[50.823,6.675]],"v":[[-58.024,43.828],[13.086,-37.544]]}],"t":82},{"s":[{"c":true,"i":[[95.568,0],[-54.612,0]],"o":[[0,-31.928],[54.61,0]],"v":[[-58.024,43.828],[3.414,-43.828]]}],"t":107}],"ix":2}},{"ty":"st","bm":0,"hd":false,"mn":"ADBE Vector Graphic - Stroke","nm":"Contour 1","lc":1,"lj":1,"ml":4,"o":{"a":0,"k":100,"ix":4},"w":{"a":0,"k":16,"ix":5},"c":{"a":0,"k":[1,1,1],"ix":3}},{"ty":"tr","a":{"a":0,"k":[0,0],"ix":1},"s":{"a":0,"k":[100,100],"ix":3},"sk":{"a":0,"k":0,"ix":4},"p":{"a":0,"k":[458.024,291.625],"ix":2},"r":{"a":0,"k":0,"ix":6},"sa":{"a":0,"k":0,"ix":5},"o":{"a":0,"k":100,"ix":7}}]},{"ty":"gr","bm":0,"hd":false,"mn":"ADBE Vector Group","nm":"Groupe 2","ix":2,"cix":2,"np":2,"it":[{"ty":"sh","bm":0,"hd":false,"mn":"ADBE Vector Shape - Group","nm":"Tracé 1","ix":1,"d":1,"ks":{"a":1,"k":[{"o":{"x":0.167,"y":0.167},"i":{"x":0.833,"y":0.833},"s":[{"c":true,"i":[[-95.569,0],[54.611,0]],"o":[[0,-31.928],[-54.611,0]],"v":[[58.024,43.828],[-3.413,-43.828]]}],"t":-3},{"o":{"x":0.167,"y":0.167},"i":{"x":0.667,"y":1},"s":[{"c":true,"i":[[-95.569,0],[54.611,0]],"o":[[0,-31.928],[-54.611,0]],"v":[[58.024,43.828],[11.439,-46.92]]}],"t":0},{"o":{"x":0.333,"y":0},"i":{"x":1,"y":1},"s":[{"c":true,"i":[[-95.569,0],[37.547,-12.993]],"o":[[0,-31.928],[-37.547,12.993]],"v":[[58.024,43.828],[-34.152,-33.43]]}],"t":38},{"o":{"x":0.167,"y":0.167},"i":{"x":0.667,"y":1},"s":[{"c":true,"i":[[-95.569,0],[54.611,0]],"o":[[0,-31.928],[-54.611,0]],"v":[[58.024,43.828],[11.439,-46.92]]}],"t":82},{"s":[{"c":true,"i":[[-95.569,0],[54.611,0]],"o":[[0,-31.928],[-54.611,0]],"v":[[58.024,43.828],[-3.413,-43.828]]}],"t":107}],"ix":2}},{"ty":"st","bm":0,"hd":false,"mn":"ADBE Vector Graphic - Stroke","nm":"Contour 1","lc":2,"lj":2,"ml":1,"o":{"a":0,"k":100,"ix":4},"w":{"a":0,"k":16,"ix":5},"c":{"a":0,"k":[1,1,1],"ix":3}},{"ty":"tr","a":{"a":0,"k":[0,0],"ix":1},"s":{"a":0,"k":[100,100],"ix":3},"sk":{"a":0,"k":0,"ix":4},"p":{"a":0,"k":[341.976,291.625],"ix":2},"r":{"a":0,"k":0,"ix":6},"sa":{"a":0,"k":0,"ix":5},"o":{"a":0,"k":100,"ix":7}}]},{"ty":"gr","bm":0,"hd":false,"mn":"ADBE Vector Group","nm":"Groupe 6","ix":2,"cix":2,"np":3,"it":[{"ty":"sh","bm":0,"hd":false,"mn":"ADBE Vector Shape - Group","nm":"Tracé 1","ix":1,"d":1,"ks":{"a":0,"k":{"c":true,"i":[[-4.547,0],[0,0],[0,-4.547],[0,0],[0,0],[4.547,0],[0,0],[0,4.547],[0,0],[0,0]],"o":[[0,0],[4.547,0],[0,0],[0,0],[0,4.547],[0,0],[-4.547,0],[0,0],[0,0],[0,-4.547]],"v":[[-112.211,-97.277],[112.212,-97.277],[120.444,-89.044],[120.444,-7.376],[120.444,69.046],[112.212,77.277],[-112.211,77.277],[-120.444,69.046],[-120.444,-14.051],[-120.444,-89.044]]},"ix":2}},{"ty":"st","bm":0,"hd":false,"mn":"ADBE Vector Graphic - Stroke","nm":"Contour 1","lc":2,"lj":2,"ml":1,"o":{"a":0,"k":100,"ix":4},"w":{"a":0,"k":16,"ix":5},"c":{"a":0,"k":[1,1,1],"ix":3}},{"ty":"tr","a":{"a":0,"k":[0,0],"ix":1},"s":{"a":0,"k":[100,100],"ix":3},"sk":{"a":0,"k":0,"ix":4},"p":{"a":0,"k":[398.29844979355636,498.5970912309924],"ix":2},"r":{"a":0,"k":0,"ix":6},"sa":{"a":0,"k":0,"ix":5},"o":{"a":0,"k":100,"ix":7}}]}],"ind":1}],"v":"5.7.0","fr":30,"op":90,"ip":0,"assets":[]}